Game,Baseline score,Variant score,Winner
1,219,128,baseline
2,220,197,baseline
3,217,92,baseline
4,139,215,variant
5,209,129,baseline
6,227,132,baseline
7,201,179,baseline
8,105,218,variant
9,95,227,variant
10,92,205,variant
11,197,206,variant
12,217,104,baseline
13,224,60,baseline
14,147,222,variant
15,146,208,variant
16,215,83,baseline
17,97,204,variant
18,147,216,variant
19,157,230,variant
20,214,135,baseline
21,210,198,baseline
22,183,205,variant
23,151,205,variant
24,218,166,baseline
25,206,219,variant
26,187,212,variant
27,155,217,variant
28,133,200,variant
29,219,193,baseline
30,206,113,baseline
31,240,193,baseline
32,202,147,baseline
33,229,103,baseline
34,170,233,variant
35,186,214,variant
36,113,208,variant
37,134,206,variant
38,224,186,baseline
39,70,201,variant
40,206,46,baseline
41,109,215,variant
42,128,219,variant
43,210,68,baseline
44,193,205,variant
45,205,214,variant
46,149,234,variant
47,125,212,variant
48,210,109,baseline
49,140,240,variant
50,137,213,variant
51,189,206,variant
52,221,149,baseline
53,214,203,baseline
54,212,206,baseline
55,241,184,baseline
56,229,145,baseline
57,212,204,baseline
58,218,157,baseline
59,103,200,variant
60,146,226,variant
61,202,225,variant
62,202,140,baseline
63,211,116,baseline
64,166,218,variant
65,92,210,variant
66,129,218,variant
67,177,215,variant
68,237,162,baseline
69,207,97,baseline
70,203,151,baseline
71,235,174,baseline
72,237,199,baseline
73,201,108,baseline
74,82,205,variant
75,140,224,variant
76,224,144,baseline
77,219,174,baseline
78,184,232,variant
79,115,228,variant
80,228,232,variant
81,127,242,variant
82,118,224,variant
83,209,137,baseline
84,230,179,baseline
85,74,213,variant
86,207,115,baseline
87,212,82,baseline
88,141,214,variant
89,111,226,variant
90,158,226,variant
91,187,232,variant
92,94,222,variant
93,210,79,baseline
94,98,208,variant
95,200,201,variant
96,225,122,baseline
97,182,208,variant
98,180,205,variant
99,149,202,variant
100,140,203,variant
101,225,132,baseline
102,202,124,baseline
103,124,207,variant
104,228,71,baseline
105,173,214,variant
106,224,106,baseline
107,231,136,baseline
108,219,179,baseline
109,153,210,variant
110,206,158,baseline
111,194,214,variant
112,122,223,variant
113,157,227,variant
114,190,236,variant
115,207,185,baseline
116,153,203,variant
117,194,223,variant
118,222,142,baseline
119,193,220,variant
120,234,42,baseline
121,210,165,baseline
122,80,223,variant
123,156,204,variant
124,231,80,baseline
125,205,134,baseline
126,219,124,baseline
127,209,174,baseline
128,94,216,variant
129,221,161,baseline
130,177,208,variant
131,154,223,variant
132,143,234,variant
133,224,170,baseline
134,202,137,baseline
135,179,226,variant
136,210,116,baseline
137,212,205,baseline
138,219,158,baseline
139,236,164,baseline
140,52,220,variant
141,181,221,variant
142,208,119,baseline
143,189,221,variant
144,200,180,baseline
145,167,214,variant
146,209,198,baseline
147,206,118,baseline
148,218,198,baseline
149,205,42,baseline
150,211,142,baseline
151,223,170,baseline
152,221,175,baseline
153,170,216,variant
154,203,174,baseline
155,102,210,variant
156,144,204,variant
157,227,144,baseline
158,195,201,variant
159,124,231,variant
160,145,212,variant
161,125,201,variant
162,98,220,variant
163,208,108,baseline
164,219,148,baseline
165,237,98,baseline
166,219,194,baseline
167,217,202,baseline
168,135,212,variant
169,202,198,baseline
170,123,209,variant
171,213,129,baseline
172,161,217,variant
173,188,208,variant
174,195,211,variant
175,220,199,baseline
176,216,182,baseline
177,202,147,baseline
178,215,104,baseline
179,175,211,variant
180,228,203,baseline
181,108,209,variant
182,175,212,variant
183,216,152,baseline
184,235,174,baseline
185,236,192,baseline
186,203,125,baseline
187,180,219,variant
188,211,185,baseline
189,153,218,variant
190,95,211,variant
191,192,201,variant
192,170,237,variant
193,218,115,baseline
194,205,220,variant
195,215,133,baseline
196,232,159,baseline
197,207,222,variant
198,135,205,variant
199,37,232,variant
200,176,205,variant
201,182,202,variant
202,201,75,baseline
203,222,147,baseline
204,116,223,variant
205,152,203,variant
206,200,241,variant
207,196,216,variant
208,223,204,baseline
209,227,78,baseline
210,206,162,baseline
211,203,172,baseline
212,173,246,variant
213,181,210,variant
214,213,146,baseline
215,19,252,variant
216,218,151,baseline
217,187,222,variant
218,225,66,baseline
219,209,179,baseline
220,218,141,baseline
221,223,92,baseline
222,213,119,baseline
223,229,111,baseline
224,213,151,baseline
225,113,218,variant
226,202,150,baseline
227,149,206,variant
228,70,227,variant
229,248,121,baseline
230,206,127,baseline
231,93,225,variant
232,123,204,variant
233,200,183,baseline
234,188,205,variant
235,101,217,variant
236,137,232,variant
237,172,230,variant
238,203,87,baseline
239,181,217,variant
240,71,229,variant
241,211,186,baseline
242,221,182,baseline
243,99,222,variant
244,220,157,baseline
245,228,171,baseline
246,202,229,variant
247,217,173,baseline
248,212,185,baseline
249,140,223,variant
250,197,219,variant
251,54,206,variant
252,218,116,baseline
253,66,213,variant
254,128,230,variant
255,199,207,variant
256,41,216,variant
257,227,211,baseline
258,198,214,variant
259,135,230,variant
260,196,230,variant
261,80,221,variant
262,237,151,baseline
263,233,194,baseline
264,214,159,baseline
265,230,166,baseline
266,152,206,variant
267,158,200,variant
268,215,126,baseline
269,218,157,baseline
270,37,223,variant
271,129,217,variant
272,241,193,baseline
273,237,59,baseline
274,196,212,variant
275,135,222,variant
276,245,167,baseline
277,209,188,baseline
278,169,230,variant
279,221,181,baseline
280,221,100,baseline
281,204,110,baseline
282,241,178,baseline
283,205,172,baseline
284,257,182,baseline
285,216,155,baseline
286,183,212,variant
287,93,227,variant
288,216,98,baseline
289,217,135,baseline
290,215,244,variant
291,221,223,variant
292,167,231,variant
293,224,165,baseline
294,196,204,variant
295,131,202,variant
296,170,224,variant
297,230,127,baseline
298,221,179,baseline
299,209,147,baseline
300,186,210,variant
301,230,151,baseline
302,176,226,variant
303,222,82,baseline
304,226,196,baseline
305,230,113,baseline
306,206,165,baseline
307,152,213,variant
308,156,214,variant
309,213,184,baseline
310,243,196,baseline
311,210,233,variant
312,83,231,variant
313,97,219,variant
314,225,140,baseline
315,210,126,baseline
316,206,102,baseline
317,222,112,baseline
318,234,196,baseline
319,218,244,variant
320,224,159,baseline
321,205,131,baseline
322,219,225,variant
323,225,197,baseline
324,170,204,variant
325,201,150,baseline
326,229,123,baseline
327,125,200,variant
328,87,207,variant
329,217,122,baseline
330,123,233,variant
331,236,105,baseline
332,200,117,baseline
333,172,215,variant
334,204,149,baseline
335,227,182,baseline
336,202,102,baseline
337,214,210,baseline
338,181,216,variant
339,140,225,variant
340,208,178,baseline
341,221,157,baseline
342,213,128,baseline
343,205,141,baseline
344,234,145,baseline
345,218,180,baseline
346,221,203,baseline
347,202,147,baseline
348,232,97,baseline
349,154,220,variant
350,228,143,baseline
351,213,188,baseline
352,230,37,baseline
353,225,149,baseline
354,131,225,variant
355,231,143,baseline
356,180,221,variant
357,108,219,variant
358,215,123,baseline
359,199,210,variant
360,167,210,variant
361,191,200,variant
362,200,177,baseline
363,197,210,variant
364,211,161,baseline
365,163,231,variant
366,222,206,baseline
367,145,230,variant
368,56,227,variant
369,208,85,baseline
370,183,225,variant
371,87,207,variant
372,212,166,baseline
373,223,211,baseline
374,147,206,variant
375,228,226,baseline
376,219,182,baseline
377,206,124,baseline
378,121,225,variant
379,211,202,baseline
380,209,177,baseline
381,208,88,baseline
382,89,232,variant
383,218,158,baseline
384,228,177,baseline
385,231,231,tie
386,201,102,baseline
387,100,220,variant
388,186,228,variant
389,79,216,variant
390,217,73,baseline
391,231,132,baseline
392,226,193,baseline
393,109,201,variant
394,139,235,variant
395,94,208,variant
396,194,207,variant
397,77,202,variant
398,210,236,variant
399,194,222,variant
400,227,185,baseline
401,198,200,variant
402,181,223,variant
403,82,223,variant
404,233,118,baseline
405,204,94,baseline
406,46,218,variant
407,209,109,baseline
408,208,192,baseline
409,209,118,baseline
410,214,181,baseline
411,162,217,variant
412,215,191,baseline
413,212,101,baseline
414,202,75,baseline
415,224,201,baseline
416,132,221,variant
417,214,194,baseline
418,223,137,baseline
419,126,229,variant
420,110,215,variant
421,200,198,baseline
422,201,245,variant
423,206,218,variant
424,209,126,baseline
425,218,190,baseline
426,202,124,baseline
427,44,202,variant
428,57,204,variant
429,221,161,baseline
430,200,205,variant
431,179,205,variant
432,132,234,variant
433,236,181,baseline
434,173,215,variant
435,204,195,baseline
436,212,199,baseline
437,162,231,variant
438,227,111,baseline
439,205,114,baseline
440,208,208,tie
441,210,78,baseline
442,224,171,baseline
443,78,205,variant
444,176,201,variant
445,167,230,variant
446,132,242,variant
447,107,200,variant
448,136,232,variant
449,224,96,baseline
450,200,215,variant
451,103,208,variant
452,225,184,baseline
453,216,100,baseline
454,209,165,baseline
455,229,93,baseline
456,239,162,baseline
457,154,203,variant
458,207,138,baseline
459,236,173,baseline
460,219,200,baseline
461,224,182,baseline
462,212,157,baseline
463,226,190,baseline
464,201,113,baseline
465,235,195,baseline
466,120,225,variant
467,217,189,baseline
468,123,207,variant
469,168,209,variant
470,157,205,variant
471,226,198,baseline
472,114,237,variant
473,236,173,baseline
474,46,204,variant
475,211,207,baseline
476,179,200,variant
477,142,205,variant
478,66,210,variant
479,202,184,baseline
480,137,234,variant
481,162,217,variant
482,210,139,baseline
483,177,206,variant
484,235,114,baseline
485,171,223,variant
486,215,124,baseline
487,206,185,baseline
488,231,234,variant
489,190,211,variant
490,175,207,variant
491,206,140,baseline
492,215,177,baseline
493,210,72,baseline
494,213,164,baseline
495,133,201,variant
496,242,132,baseline
497,241,197,baseline
498,231,198,baseline
499,201,193,baseline
500,51,204,variant
501,98,200,variant
502,176,217,variant
503,216,153,baseline
504,68,223,variant
505,205,138,baseline
506,206,120,baseline
507,175,229,variant
508,247,178,baseline
509,142,209,variant
510,227,193,baseline
511,0,206,variant
512,229,184,baseline
513,79,202,variant
514,233,92,baseline
515,259,125,baseline
516,233,162,baseline
517,228,31,baseline
518,200,213,variant
519,222,171,baseline
520,226,101,baseline
521,136,205,variant
522,126,225,variant
523,106,205,variant
524,123,233,variant
525,89,206,variant
526,208,146,baseline
527,204,221,variant
528,215,178,baseline
529,216,138,baseline
530,167,228,variant
531,207,209,variant
532,207,238,variant
533,123,218,variant
534,216,150,baseline
535,228,179,baseline
536,226,83,baseline
537,232,102,baseline
538,185,211,variant
539,80,224,variant
540,216,195,baseline
541,204,145,baseline
542,211,92,baseline
543,156,228,variant
544,146,201,variant
545,84,225,variant
546,216,206,baseline
547,200,144,baseline
548,212,167,baseline
549,201,174,baseline
550,215,197,baseline
551,192,209,variant
552,151,215,variant
553,112,210,variant
554,195,214,variant
555,229,98,baseline
556,242,160,baseline
557,215,205,baseline
558,205,104,baseline
559,188,215,variant
560,129,224,variant
561,207,149,baseline
562,157,206,variant
563,230,185,baseline
564,93,215,variant
565,185,215,variant
566,219,140,baseline
567,162,208,variant
568,208,98,baseline
569,215,220,variant
570,206,176,baseline
571,178,240,variant
572,104,216,variant
573,180,271,variant
574,223,205,baseline
575,175,229,variant
576,62,213,variant
577,201,116,baseline
578,193,220,variant
579,202,174,baseline
580,81,206,variant
581,184,204,variant
582,224,133,baseline
583,80,208,variant
584,215,127,baseline
585,208,77,baseline
586,232,180,baseline
587,219,171,baseline
588,212,203,baseline
589,210,131,baseline
590,160,229,variant
591,229,178,baseline
592,222,86,baseline
593,109,225,variant
594,228,209,baseline
595,117,211,variant
596,207,66,baseline
597,221,144,baseline
598,187,214,variant
599,175,229,variant
600,194,214,variant
601,127,200,variant
602,217,222,variant
603,182,203,variant
604,202,106,baseline
605,127,228,variant
606,151,205,variant
607,129,226,variant
608,154,209,variant
609,204,130,baseline
610,123,209,variant
611,212,134,baseline
612,171,207,variant
613,229,124,baseline
614,224,77,baseline
615,214,138,baseline
616,106,203,variant
617,215,172,baseline
618,251,181,baseline
619,145,206,variant
620,243,113,baseline
621,184,222,variant
622,203,162,baseline
623,241,175,baseline
624,233,191,baseline
625,227,193,baseline
626,227,235,variant
627,201,82,baseline
628,238,119,baseline
629,179,213,variant
630,208,150,baseline
631,229,151,baseline
632,202,110,baseline
633,249,223,baseline
634,31,218,variant
635,235,112,baseline
636,207,196,baseline
637,200,132,baseline
638,232,93,baseline
639,109,209,variant
640,216,156,baseline
641,213,171,baseline
642,187,221,variant
643,166,202,variant
644,216,211,baseline
645,104,206,variant
646,128,226,variant
647,205,109,baseline
648,241,151,baseline
649,166,233,variant
650,202,136,baseline
651,97,240,variant
652,224,115,baseline
653,217,138,baseline
654,115,202,variant
655,219,102,baseline
656,138,206,variant
657,208,156,baseline
658,235,153,baseline
659,165,219,variant
660,198,231,variant
661,206,153,baseline
662,179,231,variant
663,72,208,variant
664,225,132,baseline
665,104,209,variant
666,212,134,baseline
667,140,214,variant
668,203,105,baseline
669,200,159,baseline
670,202,123,baseline
671,108,225,variant
672,204,175,baseline
673,225,161,baseline
674,73,214,variant
675,209,164,baseline
676,127,212,variant
677,214,39,baseline
678,226,198,baseline
679,207,131,baseline
680,152,210,variant
681,52,200,variant
682,211,180,baseline
683,147,206,variant
684,212,194,baseline
685,200,182,baseline
686,122,201,variant
687,145,212,variant
688,115,225,variant
689,204,157,baseline
690,223,194,baseline
691,203,152,baseline
692,112,214,variant
693,211,212,variant
694,207,200,baseline
695,223,204,baseline
696,213,99,baseline
697,223,76,baseline
698,48,214,variant
699,48,205,variant
700,136,204,variant
701,119,219,variant
702,165,227,variant
703,182,222,variant
704,151,202,variant
705,220,144,baseline
706,197,221,variant
707,209,179,baseline
708,84,228,variant
709,160,202,variant
710,207,199,baseline
711,141,220,variant
712,207,227,variant
713,228,148,baseline
714,213,96,baseline
715,170,211,variant
716,139,211,variant
717,156,201,variant
718,221,160,baseline
719,162,208,variant
720,239,38,baseline
721,216,189,baseline
722,140,217,variant
723,142,201,variant
724,209,257,variant
725,172,226,variant
726,217,183,baseline
727,147,214,variant
728,200,166,baseline
729,155,222,variant
730,138,210,variant
731,236,177,baseline
732,183,233,variant
733,101,225,variant
734,203,119,baseline
735,157,201,variant
736,69,233,variant
737,236,170,baseline
738,219,208,baseline
739,216,17,baseline
740,210,203,baseline
741,101,222,variant
742,220,112,baseline
743,209,124,baseline
744,223,186,baseline
745,200,79,baseline
746,210,99,baseline
747,224,133,baseline
748,167,231,variant
749,219,152,baseline
750,235,113,baseline
751,172,224,variant
752,151,217,variant
753,202,176,baseline
754,176,210,variant
755,160,205,variant
756,221,164,baseline
757,232,108,baseline
758,181,210,variant
759,229,196,baseline
760,81,210,variant
761,193,237,variant
762,222,130,baseline
763,188,210,variant
764,228,166,baseline
765,200,129,baseline
766,169,218,variant
767,136,218,variant
768,80,200,variant
769,123,207,variant
770,94,214,variant
771,164,224,variant
772,128,212,variant
773,220,83,baseline
774,241,209,baseline
775,213,102,baseline
776,199,207,variant
777,230,171,baseline
778,93,205,variant
779,126,218,variant
780,209,117,baseline
781,179,225,variant
782,226,127,baseline
783,202,154,baseline
784,146,224,variant
785,214,169,baseline
786,194,219,variant
787,202,94,baseline
788,215,124,baseline
789,210,139,baseline
790,62,219,variant
791,209,97,baseline
792,78,201,variant
793,22,202,variant
794,222,156,baseline
795,120,223,variant
796,218,133,baseline
797,201,190,baseline
798,219,193,baseline
799,215,96,baseline
800,215,233,variant
801,205,101,baseline
802,214,153,baseline
803,212,147,baseline
804,202,70,baseline
805,183,236,variant
806,209,182,baseline
807,186,204,variant
808,121,212,variant
809,226,109,baseline
810,215,210,baseline
811,125,216,variant
812,191,200,variant
813,111,205,variant
814,216,143,baseline
815,217,111,baseline
816,229,223,baseline
817,222,230,variant
818,70,201,variant
819,256,94,baseline
820,213,196,baseline
821,221,183,baseline
822,212,86,baseline
823,223,181,baseline
824,230,139,baseline
825,231,181,baseline
826,236,214,baseline
827,216,154,baseline
828,65,212,variant
829,216,109,baseline
830,205,141,baseline
831,144,262,variant
832,148,202,variant
833,133,212,variant
834,122,208,variant
835,220,120,baseline
836,89,213,variant
837,179,215,variant
838,217,187,baseline
839,187,206,variant
840,201,167,baseline
841,198,201,variant
842,231,182,baseline
843,129,202,variant
844,107,223,variant
845,75,231,variant
846,199,216,variant
847,221,158,baseline
848,225,170,baseline
849,191,219,variant
850,197,209,variant
851,160,228,variant
852,186,206,variant
853,211,178,baseline
854,118,236,variant
855,93,224,variant
856,231,218,baseline
857,184,217,variant
858,177,218,variant
859,198,203,variant
860,162,217,variant
861,224,142,baseline
862,213,210,baseline
863,202,116,baseline
864,158,224,variant
865,207,97,baseline
866,204,145,baseline
867,172,218,variant
868,229,149,baseline
869,214,162,baseline
870,219,234,variant
871,240,101,baseline
872,168,214,variant
873,214,187,baseline
874,174,200,variant
875,130,213,variant
876,216,71,baseline
877,201,116,baseline
878,234,217,baseline
879,202,114,baseline
880,217,97,baseline
881,245,166,baseline
882,204,97,baseline
883,84,209,variant
884,224,98,baseline
885,224,217,baseline
886,224,184,baseline
887,246,206,baseline
888,176,208,variant
889,240,71,baseline
890,236,72,baseline
891,185,222,variant
892,142,216,variant
893,237,112,baseline
894,213,182,baseline
895,237,215,baseline
896,222,194,baseline
897,257,221,baseline
898,242,106,baseline
899,224,49,baseline
900,230,165,baseline
901,239,122,baseline
902,201,77,baseline
903,168,214,variant
904,219,182,baseline
905,176,201,variant
906,229,125,baseline
907,206,43,baseline
908,213,172,baseline
909,143,216,variant
910,176,266,variant
911,144,209,variant
912,169,219,variant
913,105,229,variant
914,233,174,baseline
915,157,218,variant
916,117,231,variant
917,201,100,baseline
918,211,232,variant
919,181,245,variant
920,78,213,variant
921,96,237,variant
922,168,221,variant
923,166,216,variant
924,224,115,baseline
925,210,218,variant
926,75,226,variant
927,236,186,baseline
928,89,227,variant
929,114,208,variant
930,215,54,baseline
931,70,223,variant
932,217,113,baseline
933,205,116,baseline
934,218,139,baseline
935,82,234,variant
936,63,217,variant
937,212,109,baseline
938,231,154,baseline
939,241,189,baseline
940,215,153,baseline
941,223,102,baseline
942,209,129,baseline
943,119,213,variant
944,183,207,variant
945,206,173,baseline
946,127,203,variant
947,226,138,baseline
948,172,228,variant
949,82,200,variant
950,219,169,baseline
951,216,43,baseline
952,193,212,variant
953,208,220,variant
954,203,63,baseline
955,219,125,baseline
956,55,225,variant
957,131,226,variant
958,206,153,baseline
959,68,205,variant
960,210,165,baseline
961,202,142,baseline
962,210,188,baseline
963,134,203,variant
964,228,184,baseline
965,207,156,baseline
966,122,225,variant
967,174,218,variant
968,93,214,variant
969,237,201,baseline
970,93,230,variant
971,208,193,baseline
972,171,211,variant
973,228,144,baseline
974,132,207,variant
975,198,231,variant
976,244,86,baseline
977,120,201,variant
978,112,210,variant
979,179,259,variant
980,214,178,baseline
981,165,218,variant
982,222,104,baseline
983,212,69,baseline
984,211,176,baseline
985,210,98,baseline
986,192,201,variant
987,222,199,baseline
988,112,216,variant
989,126,208,variant
990,151,205,variant
991,197,202,variant
992,84,221,variant
993,213,42,baseline
994,188,200,variant
995,223,143,baseline
996,224,30,baseline
997,168,200,variant
998,148,212,variant
999,125,232,variant
1000,225,38,baseline

Baseline wins:,521,Variant wins:,477,Ties:,2
